<?xml version="1.0" encoding="UTF-8" ?>
<feedback>
  <report_metadata>
    <org_name>google.com</org_name>
    <email>noreply-dmarc-support@google.com</email>
    <extra_contact_info>https://support.google.com/a/answer/2466580</extra_contact_info>
    <report_id>263748433221597273</report_id>
    <date_range>
      <begin>1704240000</begin>
      <end>1704326399</end>
    </date_range>
  </report_metadata>
  <policy_published>
    <domain>helloworld.com</domain>
    <adkim>r</adkim>
    <aspf>r</aspf>
    <p>quarantine</p>
    <sp>quarantine</sp>
    <pct>100</pct>
    <np>quarantine</np>
  </policy_published>
  <record>
    <row>
      <source_ip>201.85.220.73</source_ip>
      <count>1</count>
      <policy_evaluated>
        <disposition>none</disposition>
        <dkim>pass</dkim>
        <spf>fail</spf>
      </policy_evaluated>
    </row>
    <identifiers>
      <header_from>helloworld.com</header_from>
    </identifiers>
    <auth_results>
      <dkim>
        <domain>google.com</domain>
        <result>pass</result>
        <selector>20230601</selector>
      </dkim>
      <dkim>
        <domain>helloworld.com</domain>
        <result>pass</result>
        <selector>google</selector>
      </dkim>
      <spf>
        <domain>calendar-server.bounces.google.com</domain>
        <result>pass</result>
      </spf>
    </auth_results>
  </record>
  <record>
    <row>
      <source_ip>201.85.220.41</source_ip>
      <count>193</count>
      <policy_evaluated>
        <disposition>none</disposition>
        <dkim>pass</dkim>
        <spf>pass</spf>
      </policy_evaluated>
    </row>
    <identifiers>
      <header_from>helloworld.com</header_from>
    </identifiers>
    <auth_results>
      <dkim>
        <domain>helloworld.com</domain>
        <result>pass</result>
        <selector>google</selector>
      </dkim>
      <spf>
        <domain>helloworld.com</domain>
        <result>pass</result>
      </spf>
    </auth_results>
  </record>
  <record>
    <row>
      <source_ip>201.85.220.69</source_ip>
      <count>1</count>
      <policy_evaluated>
        <disposition>none</disposition>
        <dkim>pass</dkim>
        <spf>fail</spf>
      </policy_evaluated>
    </row>
    <identifiers>
      <header_from>helloworld.com</header_from>
    </identifiers>
    <auth_results>
      <dkim>
        <domain>helloworld.com</domain>
        <result>pass</result>
        <selector>google</selector>
      </dkim>
      <spf>
        <domain>listserv.bounces.google.com</domain>
        <result>pass</result>
      </spf>
    </auth_results>
  </record>
  <record>
    <row>
      <source_ip>189.41.28.5</source_ip>
      <count>2</count>
      <policy_evaluated>
        <disposition>none</disposition>
        <dkim>pass</dkim>
        <spf>fail</spf>
      </policy_evaluated>
    </row>
    <identifiers>
      <header_from>helloworld.com</header_from>
    </identifiers>
    <auth_results>
      <dkim>
        <domain>helloworld.com</domain>
        <result>pass</result>
        <selector>mail</selector>
      </dkim>
      <dkim>
        <domain>foosender.fr</domain>
        <result>pass</result>
        <selector>mail</selector>
      </dkim>
      <spf>
        <domain>furniturestore.com</domain>
        <result>pass</result>
      </spf>
    </auth_results>
  </record>
  <record>
    <row>
      <source_ip>201.85.220.69</source_ip>
      <count>48</count>
      <policy_evaluated>
        <disposition>none</disposition>
        <dkim>pass</dkim>
        <spf>pass</spf>
      </policy_evaluated>
    </row>
    <identifiers>
      <header_from>helloworld.com</header_from>
    </identifiers>
    <auth_results>
      <dkim>
        <domain>helloworld.com</domain>
        <result>pass</result>
        <selector>google</selector>
      </dkim>
      <spf>
        <domain>helloworld.com</domain>
        <result>pass</result>
      </spf>
    </auth_results>
  </record>
  <record>
    <row>
      <source_ip>189.41.28.122</source_ip>
      <count>5</count>
      <policy_evaluated>
        <disposition>none</disposition>
        <dkim>pass</dkim>
        <spf>fail</spf>
      </policy_evaluated>
    </row>
    <identifiers>
      <header_from>helloworld.com</header_from>
    </identifiers>
    <auth_results>
      <dkim>
        <domain>helloworld.com</domain>
        <result>pass</result>
        <selector>mail</selector>
      </dkim>
      <spf>
        <domain>bv.d.foosender.fr</domain>
        <result>pass</result>
      </spf>
    </auth_results>
  </record>
  <record>
    <row>
      <source_ip>189.41.28.126</source_ip>
      <count>25</count>
      <policy_evaluated>
        <disposition>none</disposition>
        <dkim>pass</dkim>
        <spf>fail</spf>
      </policy_evaluated>
    </row>
    <identifiers>
      <header_from>helloworld.com</header_from>
    </identifiers>
    <auth_results>
      <dkim>
        <domain>helloworld.com</domain>
        <result>pass</result>
        <selector>mail</selector>
      </dkim>
      <spf>
        <domain>bz.d.foosender.fr</domain>
        <result>pass</result>
      </spf>
    </auth_results>
  </record>
</feedback>
